CONTENTID;MAIN;TITLE;URL
2518821;true;서울 시티투어;http://tong.visitkorea.or.kr/cms/resource/54/2562654_image2_1.jpg
2518821;false;서울 시티투어;http://tong.visitkorea.or.kr/cms/resource/03/2562503_image2_1.JPG
2518821;false;서울 시티투어;http://tong.visitkorea.or.kr/cms/resource/55/2562655_image2_1.jpg
2518821;false;서울 시티투어;http://tong.visitkorea.or.kr/cms/resource/56/2562656_image2_1.jpg
2518821;false;서울 시티투어;http://tong.visitkorea.or.kr/cms/resource/57/2562657_image2_1.jpg
2518821;false;서울 시티투어;http://tong.visitkorea.or.kr/cms/resource/58/2562658_image2_1.jpg
2518821;false;서울 시티투어;http://tong.visitkorea.or.kr/cms/resource/59/2562659_image2_1.jpg
2518822;true;BUTI 부산 시티투어;http://tong.visitkorea.or.kr/cms/resource/46/2561146_image2_1.jpg
2518822;false;BUTI 부산 시티투어;http://tong.visitkorea.or.kr/cms/resource/41/2561141_image2_1.jpg
2518822;false;BUTI 부산 시티투어;http://tong.visitkorea.or.kr/cms/resource/45/2561145_image2_1.jpg
2518822;false;BUTI 부산 시티투어;http://tong.visitkorea.or.kr/cms/resource/42/2561142_image2_1.jpg
2518822;false;BUTI 부산 시티투어;http://tong.visitkorea.or.kr/cms/resource/43/2561143_image2_1.JPG
2518823;true;대구 시티투어 도심순환형 코스 ;http://tong.visitkorea.or.kr/cms/resource/11/2563011_image2_1.jpg
2518823;false;대구 시티투어 도심순환형 코스 ;http://tong.visitkorea.or.kr/cms/resource/12/2563012_image2_1.jpg
2518823;false;대구 시티투어 도심순환형 코스 ;http://tong.visitkorea.or.kr/cms/resource/09/2563009_image2_1.jpg
2518823;false;대구 시티투어 도심순환형 코스 ;http://tong.visitkorea.or.kr/cms/resource/13/2563013_image2_1.jpg
2518823;false;대구 시티투어 도심순환형 코스 ;http://tong.visitkorea.or.kr/cms/resource/10/2563010_image2_1.jpg
2518824;true;순천 시티투어;http://tong.visitkorea.or.kr/cms/resource/02/2563302_image2_1.jpg
2518824;false;순천 시티투어;http://tong.visitkorea.or.kr/cms/resource/04/2563304_image2_1.jpg
2518824;false;순천 시티투어;http://tong.visitkorea.or.kr/cms/resource/26/2563426_image2_1.jpg
2518824;false;순천 시티투어;http://tong.visitkorea.or.kr/cms/resource/06/2563306_image2_1.jpg
2518824;false;순천 시티투어;http://tong.visitkorea.or.kr/cms/resource/07/2563307_image2_1.jpg
2518825;true;사계절 DMZ 연천드리밍(Dreaming)투어;http://tong.visitkorea.or.kr/cms/resource/39/2562739_image2_1.jpg
2518825;false;사계절 DMZ 연천드리밍(Dreaming)투어;http://tong.visitkorea.or.kr/cms/resource/40/2562740_image2_1.jpg
2518825;false;사계절 DMZ 연천드리밍(Dreaming)투어;http://tong.visitkorea.or.kr/cms/resource/46/2562746_image2_1.jpg
2518825;false;사계절 DMZ 연천드리밍(Dreaming)투어;http://tong.visitkorea.or.kr/cms/resource/47/2562747_image2_1.jpg
2518825;false;사계절 DMZ 연천드리밍(Dreaming)투어;http://tong.visitkorea.or.kr/cms/resource/48/2562748_image2_1.jpg
2518826;true;부산 시티투어 점보버스;http://tong.visitkorea.or.kr/cms/resource/63/2561063_image2_1.jpg
2518826;false;부산 시티투어 점보버스;http://tong.visitkorea.or.kr/cms/resource/66/2561066_image2_1.jpg
2518826;false;부산 시티투어 점보버스;http://tong.visitkorea.or.kr/cms/resource/65/2561065_image2_1.jpg
2518826;false;부산 시티투어 점보버스;http://tong.visitkorea.or.kr/cms/resource/64/2561064_image2_1.JPG
2518826;false;부산 시티투어 점보버스;http://tong.visitkorea.or.kr/cms/resource/59/2554659_image2_1.jpg
2518827;true;수원 시티투어;http://tong.visitkorea.or.kr/cms/resource/33/2562733_image2_1.jpg
2518827;false;수원 시티투어;http://tong.visitkorea.or.kr/cms/resource/34/2562734_image2_1.jpg
2518827;false;수원 시티투어;http://tong.visitkorea.or.kr/cms/resource/35/2562735_image2_1.jpg
2518827;false;수원 시티투어;http://tong.visitkorea.or.kr/cms/resource/36/2562736_image2_1.jpg
2518827;false;수원 시티투어;http://tong.visitkorea.or.kr/cms/resource/37/2562737_image2_1.jpg
2518828;true;정읍 시티투어;http://tong.visitkorea.or.kr/cms/resource/65/2563165_image2_1.jpg
2518828;false;정읍 시티투어;http://tong.visitkorea.or.kr/cms/resource/63/2563163_image2_1.jpg
2518828;false;정읍 시티투어;http://tong.visitkorea.or.kr/cms/resource/64/2563164_image2_1.jpg
2518828;false;정읍 시티투어;http://tong.visitkorea.or.kr/cms/resource/67/2563167_image2_1.jpg
2518828;false;정읍 시티투어;http://tong.visitkorea.or.kr/cms/resource/66/2563166_image2_1.jpg
2518830;true;강진 시티투어;http://tong.visitkorea.or.kr/cms/resource/98/2563298_image2_1.jpg
2518830;false;강진 시티투어;http://tong.visitkorea.or.kr/cms/resource/96/2563296_image2_1.jpg
2518830;false;강진 시티투어;http://tong.visitkorea.or.kr/cms/resource/25/2563425_image2_1.jpg
2518830;false;강진 시티투어;http://tong.visitkorea.or.kr/cms/resource/99/2563299_image2_1.jpg
2518830;false;강진 시티투어;http://tong.visitkorea.or.kr/cms/resource/97/2563297_image2_1.jpg
2518831;true;영주 시티투어;http://tong.visitkorea.or.kr/cms/resource/79/2563079_image2_1.jpg
2518831;false;영주 시티투어;http://tong.visitkorea.or.kr/cms/resource/81/2563081_image2_1.jpg
2518831;false;영주 시티투어;http://tong.visitkorea.or.kr/cms/resource/76/2563076_image2_1.jpg
2518831;false;영주 시티투어;http://tong.visitkorea.or.kr/cms/resource/80/2563080_image2_1.jpg
2518831;false;영주 시티투어;http://tong.visitkorea.or.kr/cms/resource/77/2563077_image2_1.jpg
2518832;true;대전 시티투어;http://tong.visitkorea.or.kr/cms/resource/01/2562801_image2_1.jpg
2518832;false;대전 시티투어;http://tong.visitkorea.or.kr/cms/resource/02/2562802_image2_1.jpg
2518832;false;대전 시티투어;http://tong.visitkorea.or.kr/cms/resource/03/2562803_image2_1.jpg
2518832;false;대전 시티투어;http://tong.visitkorea.or.kr/cms/resource/09/2562809_image2_1.jpg
2518832;false;대전 시티투어;http://tong.visitkorea.or.kr/cms/resource/10/2562810_image2_1.jpg
2518833;true;인천 시티투어 야경투어;http://tong.visitkorea.or.kr/cms/resource/65/2562665_image2_1.jpg
2518833;false;인천 시티투어 야경투어;http://tong.visitkorea.or.kr/cms/resource/66/2562666_image2_1.jpg
2518833;false;인천 시티투어 야경투어;http://tong.visitkorea.or.kr/cms/resource/67/2562667_image2_1.jpg
2518833;false;인천 시티투어 야경투어;http://tong.visitkorea.or.kr/cms/resource/68/2562668_image2_1.jpg
2518833;false;인천 시티투어 야경투어;http://tong.visitkorea.or.kr/cms/resource/69/2562669_image2_1.jpg
2518834;true;울산 시티투어 순환형 코스;http://tong.visitkorea.or.kr/cms/resource/20/2563120_image2_1.jpg
2518834;false;울산 시티투어 순환형 코스;http://tong.visitkorea.or.kr/cms/resource/18/2563118_image2_1.jpg
2518834;false;울산 시티투어 순환형 코스;http://tong.visitkorea.or.kr/cms/resource/22/2563122_image2_1.jpg
2518834;false;울산 시티투어 순환형 코스;http://tong.visitkorea.or.kr/cms/resource/17/2563117_image2_1.jpg
2518834;false;울산 시티투어 순환형 코스;http://tong.visitkorea.or.kr/cms/resource/21/2563121_image2_1.jpg
2518835;true;흥미진진 공주 시티투어;http://tong.visitkorea.or.kr/cms/resource/75/2562975_image2_1.jpg
2518835;false;흥미진진 공주 시티투어;http://tong.visitkorea.or.kr/cms/resource/76/2562976_image2_1.jpg
2518835;false;흥미진진 공주 시티투어;http://tong.visitkorea.or.kr/cms/resource/77/2562977_image2_1.jpg
2518835;false;흥미진진 공주 시티투어;http://tong.visitkorea.or.kr/cms/resource/78/2562978_image2_1.jpg
2518835;false;흥미진진 공주 시티투어;http://tong.visitkorea.or.kr/cms/resource/79/2562979_image2_1.jpg
2518836;true;예산 시티투어;http://tong.visitkorea.or.kr/cms/resource/64/2562964_image2_1.jpg
2518836;false;예산 시티투어;http://tong.visitkorea.or.kr/cms/resource/65/2562965_image2_1.jpg
2518836;false;예산 시티투어;http://tong.visitkorea.or.kr/cms/resource/67/2562967_image2_1.jpg
2518836;false;예산 시티투어;http://tong.visitkorea.or.kr/cms/resource/68/2562968_image2_1.jpg
2518836;false;예산 시티투어;http://tong.visitkorea.or.kr/cms/resource/69/2562969_image2_1.jpg
2518837;true;부여 시티투어;http://tong.visitkorea.or.kr/cms/resource/72/2562972_image2_1.jpg
2518837;false;부여 시티투어;http://tong.visitkorea.or.kr/cms/resource/74/2562974_image2_1.jpg
2518837;false;부여 시티투어;http://tong.visitkorea.or.kr/cms/resource/70/2562970_image2_1.jpg
2518837;false;부여 시티투어;http://tong.visitkorea.or.kr/cms/resource/71/2562971_image2_1.jpg
2518837;false;부여 시티투어;http://tong.visitkorea.or.kr/cms/resource/73/2562973_image2_1.jpg
2518838;true;담양 시티투어;http://tong.visitkorea.or.kr/cms/resource/86/2563286_image2_1.jpg
2518838;false;담양 시티투어;http://tong.visitkorea.or.kr/cms/resource/88/2563288_image2_1.jpg
2518838;false;담양 시티투어;http://tong.visitkorea.or.kr/cms/resource/85/2563285_image2_1.jpg
2518838;false;담양 시티투어;http://tong.visitkorea.or.kr/cms/resource/94/2563294_image2_1.jpg
2518838;false;담양 시티투어;http://tong.visitkorea.or.kr/cms/resource/87/2563287_image2_1.jpg
2518839;true;목포 시티투어;http://tong.visitkorea.or.kr/cms/resource/83/2563283_image2_1.jpg
2518839;false;목포 시티투어;http://tong.visitkorea.or.kr/cms/resource/84/2563284_image2_1.jpg
2518839;false;목포 시티투어;http://tong.visitkorea.or.kr/cms/resource/82/2563282_image2_1.jpg
2518839;false;목포 시티투어;http://tong.visitkorea.or.kr/cms/resource/73/2563273_image2_1.jpg
2518839;false;목포 시티투어;http://tong.visitkorea.or.kr/cms/resource/79/2563279_image2_1.jpg
2518840;true;제주시티투어버스;http://tong.visitkorea.or.kr/cms/resource/20/2563320_image2_1.jpg
2518840;false;제주시티투어버스;http://tong.visitkorea.or.kr/cms/resource/23/2563323_image2_1.jpg
2518840;false;제주시티투어버스;http://tong.visitkorea.or.kr/cms/resource/22/2563322_image2_1.jpg
2518840;false;제주시티투어버스;http://tong.visitkorea.or.kr/cms/resource/19/2563319_image2_1.jpg
2518840;false;제주시티투어버스;http://tong.visitkorea.or.kr/cms/resource/21/2563321_image2_1.jpg
2518842;true;천안 시티투어 정규 코스 ;http://tong.visitkorea.or.kr/cms/resource/23/2562823_image2_1.jpg
2518842;false;천안 시티투어 정규 코스 ;http://tong.visitkorea.or.kr/cms/resource/27/2562827_image2_1.jpg
2518842;false;천안 시티투어 정규 코스 ;http://tong.visitkorea.or.kr/cms/resource/32/2562832_image2_1.jpg
2518842;false;천안 시티투어 정규 코스 ;http://tong.visitkorea.or.kr/cms/resource/36/2562836_image2_1.jpg
2518842;false;천안 시티투어 정규 코스 ;http://tong.visitkorea.or.kr/cms/resource/45/2562845_image2_1.jpg
2518843;true;경주 시티투어 주간 코스 ;http://tong.visitkorea.or.kr/cms/resource/59/2563059_image2_1.jpg
2518843;false;경주 시티투어 주간 코스 ;http://tong.visitkorea.or.kr/cms/resource/60/2563060_image2_1.jpg
2518843;false;경주 시티투어 주간 코스 ;http://tong.visitkorea.or.kr/cms/resource/56/2563056_image2_1.jpg
2518843;false;경주 시티투어 주간 코스 ;http://tong.visitkorea.or.kr/cms/resource/58/2563058_image2_1.jpg
2518843;false;경주 시티투어 주간 코스 ;http://tong.visitkorea.or.kr/cms/resource/55/2563055_image2_1.jpg
2518844;true;햇빛 광양 투어;http://tong.visitkorea.or.kr/cms/resource/70/2563270_image2_1.jpg
2518844;false;햇빛 광양 투어;http://tong.visitkorea.or.kr/cms/resource/68/2563268_image2_1.jpg
2518844;false;햇빛 광양 투어;http://tong.visitkorea.or.kr/cms/resource/69/2563269_image2_1.jpg
2518844;false;햇빛 광양 투어;http://tong.visitkorea.or.kr/cms/resource/72/2563272_image2_1.jpg
2518844;false;햇빛 광양 투어;http://tong.visitkorea.or.kr/cms/resource/71/2563271_image2_1.jpg
2518845;true;화순 시티투어;http://tong.visitkorea.or.kr/cms/resource/77/2495677_image2_1.jpg
2518845;false;화순 시티투어;http://tong.visitkorea.or.kr/cms/resource/76/2495676_image2_1.jpg
2518845;false;화순 시티투어;http://tong.visitkorea.or.kr/cms/resource/14/2509414_image2_1.jpg
2518845;false;화순 시티투어;http://tong.visitkorea.or.kr/cms/resource/68/1609768_image2_1.jpg
2518845;false;화순 시티투어;http://tong.visitkorea.or.kr/cms/resource/19/2509419_image2_1.jpg
2518846;true;충주 시티투어;http://tong.visitkorea.or.kr/cms/resource/66/2434866_image2_1.jpg
2518846;false;충주 시티투어;http://tong.visitkorea.or.kr/cms/resource/82/1860882_image2_1.jpg
2518846;false;충주 시티투어;http://tong.visitkorea.or.kr/cms/resource/66/2435266_image2_1.jpg
2518846;false;충주 시티투어;http://tong.visitkorea.or.kr/cms/resource/89/1944289_image2_1.JPG
2518846;false;충주 시티투어;http://tong.visitkorea.or.kr/cms/resource/88/1944288_image2_1.JPG
2518847;true;안산 시티투어;http://tong.visitkorea.or.kr/cms/resource/28/2562728_image2_1.jpg
2518847;false;안산 시티투어;http://tong.visitkorea.or.kr/cms/resource/29/2562729_image2_1.jpg
2518847;false;안산 시티투어;http://tong.visitkorea.or.kr/cms/resource/30/2562730_image2_1.jpg
2518847;false;안산 시티투어;http://tong.visitkorea.or.kr/cms/resource/31/2562731_image2_1.jpg
2518847;false;안산 시티투어;http://tong.visitkorea.or.kr/cms/resource/32/2562732_image2_1.jpg
2518848;true;나주 시티투어;http://tong.visitkorea.or.kr/cms/resource/27/2563227_image2_1.jpg
2518848;false;나주 시티투어;http://tong.visitkorea.or.kr/cms/resource/25/2563225_image2_1.jpg
2518848;false;나주 시티투어;http://tong.visitkorea.or.kr/cms/resource/30/2563230_image2_1.jpg
2518848;false;나주 시티투어;http://tong.visitkorea.or.kr/cms/resource/31/2563231_image2_1.jpg
2518848;false;나주 시티투어;http://tong.visitkorea.or.kr/cms/resource/29/2563229_image2_1.jpg
2518849;true;안성 시티투어;http://tong.visitkorea.or.kr/cms/resource/25/2561025_image2_1.JPG
2518849;false;안성 시티투어;http://tong.visitkorea.or.kr/cms/resource/28/2561028_image2_1.jpg
2518849;false;안성 시티투어;http://tong.visitkorea.or.kr/cms/resource/27/2561027_image2_1.jpg
2518849;false;안성 시티투어;http://tong.visitkorea.or.kr/cms/resource/29/2561029_image2_1.JPG
2518849;false;안성 시티투어;http://tong.visitkorea.or.kr/cms/resource/26/2561026_image2_1.jpg
2518850;true;여수 낭만버스 일반버스;http://tong.visitkorea.or.kr/cms/resource/18/2563218_image2_1.jpg
2518850;false;여수 낭만버스 일반버스;http://tong.visitkorea.or.kr/cms/resource/19/2563219_image2_1.jpg
2518850;false;여수 낭만버스 일반버스;http://tong.visitkorea.or.kr/cms/resource/21/2563221_image2_1.jpg
2518850;false;여수 낭만버스 일반버스;http://tong.visitkorea.or.kr/cms/resource/22/2563222_image2_1.jpg
2518850;false;여수 낭만버스 일반버스;http://tong.visitkorea.or.kr/cms/resource/23/2563223_image2_1.jpg
2518852;true;거제블루시티투어;http://tong.visitkorea.or.kr/cms/resource/46/2563146_image2_1.jpg
2518852;false;거제블루시티투어;http://tong.visitkorea.or.kr/cms/resource/44/2563144_image2_1.jpg
2518852;false;거제블루시티투어;http://tong.visitkorea.or.kr/cms/resource/43/2563143_image2_1.jpg
2518852;false;거제블루시티투어;http://tong.visitkorea.or.kr/cms/resource/47/2563147_image2_1.jpg
2518852;false;거제블루시티투어;http://tong.visitkorea.or.kr/cms/resource/45/2563145_image2_1.jpg
2518853;true;군산 시티투어 당일 코스;http://tong.visitkorea.or.kr/cms/resource/59/2563159_image2_1.jpg
2518853;false;군산 시티투어 당일 코스;http://tong.visitkorea.or.kr/cms/resource/61/2563161_image2_1.jpg
2518853;false;군산 시티투어 당일 코스;http://tong.visitkorea.or.kr/cms/resource/62/2563162_image2_1.jpg
2518853;false;군산 시티투어 당일 코스;http://tong.visitkorea.or.kr/cms/resource/58/2563158_image2_1.jpg
2518853;false;군산 시티투어 당일 코스;http://tong.visitkorea.or.kr/cms/resource/60/2563160_image2_1.jpg
2518854;true;양주 시티투어;http://tong.visitkorea.or.kr/cms/resource/27/2562727_image2_1.jpg
2518854;false;양주 시티투어;http://tong.visitkorea.or.kr/cms/resource/24/2562724_image2_1.jpg
2518854;false;양주 시티투어;http://tong.visitkorea.or.kr/cms/resource/25/2562725_image2_1.jpg
2518854;false;양주 시티투어;http://tong.visitkorea.or.kr/cms/resource/26/2562726_image2_1.jpg
2518854;false;양주 시티투어;http://tong.visitkorea.or.kr/cms/resource/23/2562723_image2_1.jpg
2518855;true;삼척 시티투어;http://tong.visitkorea.or.kr/cms/resource/31/2561031_image2_1.jpg
2518855;false;삼척 시티투어;http://tong.visitkorea.or.kr/cms/resource/37/2561037_image2_1.jpg
2518855;false;삼척 시티투어;http://tong.visitkorea.or.kr/cms/resource/35/2561035_image2_1.JPG
2518855;false;삼척 시티투어;http://tong.visitkorea.or.kr/cms/resource/34/2561034_image2_1.JPG
2518855;false;삼척 시티투어;http://tong.visitkorea.or.kr/cms/resource/32/2561032_image2_1.JPG
2518856;true;화성시 시티투어 ‘착한여행 하루’;http://tong.visitkorea.or.kr/cms/resource/18/2562718_image2_1.jpg
2518856;false;화성시 시티투어 ‘착한여행 하루’;http://tong.visitkorea.or.kr/cms/resource/19/2562719_image2_1.jpg
2518856;false;화성시 시티투어 ‘착한여행 하루’;http://tong.visitkorea.or.kr/cms/resource/20/2562720_image2_1.jpg
2518856;false;화성시 시티투어 ‘착한여행 하루’;http://tong.visitkorea.or.kr/cms/resource/21/2562721_image2_1.jpg
2518856;false;화성시 시티투어 ‘착한여행 하루’;http://tong.visitkorea.or.kr/cms/resource/22/2562722_image2_1.jpg
2518857;true;원주 시티투어 테마형;http://tong.visitkorea.or.kr/cms/resource/10/2563410_image2_1.jpg
2518857;false;원주 시티투어 테마형;http://tong.visitkorea.or.kr/cms/resource/47/2561047_image2_1.jpg
2518857;false;원주 시티투어 테마형;http://tong.visitkorea.or.kr/cms/resource/44/1751744_image2_1.jpg
2518857;false;원주 시티투어 테마형;http://tong.visitkorea.or.kr/cms/resource/13/1539013_image2_1.jpg
2518857;false;원주 시티투어 테마형;http://tong.visitkorea.or.kr/cms/resource/96/2438796_image2_1.JPG
2518858;true;대구 시티투어 대구근교권투어;http://tong.visitkorea.or.kr/cms/resource/20/2563020_image2_1.jpg
2518858;false;대구 시티투어 대구근교권투어;http://tong.visitkorea.or.kr/cms/resource/23/2563023_image2_1.jpg
2518858;false;대구 시티투어 대구근교권투어;http://tong.visitkorea.or.kr/cms/resource/22/2563022_image2_1.jpg
2518858;false;대구 시티투어 대구근교권투어;http://tong.visitkorea.or.kr/cms/resource/26/2563026_image2_1.jpg
2518858;false;대구 시티투어 대구근교권투어;http://tong.visitkorea.or.kr/cms/resource/21/2563021_image2_1.jpg
2518859;true;김해 시티투어;http://tong.visitkorea.or.kr/cms/resource/60/2546860_image2_1.jpg
2518859;false;김해 시티투어;http://tong.visitkorea.or.kr/cms/resource/73/2561073_image2_1.JPG
2518859;false;김해 시티투어;http://tong.visitkorea.or.kr/cms/resource/74/2561074_image2_1.jpg
2518859;false;김해 시티투어;http://tong.visitkorea.or.kr/cms/resource/75/2561075_image2_1.JPG
2518859;false;김해 시티투어;http://tong.visitkorea.or.kr/cms/resource/59/1546959_image2_1.jpg
2518860;true;광주 시티투어;http://tong.visitkorea.or.kr/cms/resource/80/2563180_image2_1.jpg
2518860;false;광주 시티투어;http://tong.visitkorea.or.kr/cms/resource/81/2563181_image2_1.jpg
2518860;false;광주 시티투어;http://tong.visitkorea.or.kr/cms/resource/78/2563178_image2_1.jpg
2518860;false;광주 시티투어;http://tong.visitkorea.or.kr/cms/resource/83/2563183_image2_1.jpg
2518860;false;광주 시티투어;http://tong.visitkorea.or.kr/cms/resource/23/2563423_image2_1.jpg
2518861;true;남양주 시티투어 정기 코스;http://tong.visitkorea.or.kr/cms/resource/12/2562712_image2_1.jpg
2518861;false;남양주 시티투어 정기 코스;http://tong.visitkorea.or.kr/cms/resource/13/2562713_image2_1.jpg
2518861;false;남양주 시티투어 정기 코스;http://tong.visitkorea.or.kr/cms/resource/15/2562715_image2_1.jpg
2518861;false;남양주 시티투어 정기 코스;http://tong.visitkorea.or.kr/cms/resource/16/2562716_image2_1.jpg
2518861;false;남양주 시티투어 정기 코스;http://tong.visitkorea.or.kr/cms/resource/17/2562717_image2_1.jpg
2518862;true;안동 시티투어;http://tong.visitkorea.or.kr/cms/resource/53/2563053_image2_1.jpeg
2518862;false;안동 시티투어;http://tong.visitkorea.or.kr/cms/resource/48/2563048_image2_1.jpg
2518862;false;안동 시티투어;http://tong.visitkorea.or.kr/cms/resource/50/2563050_image2_1.jpg
2518862;false;안동 시티투어;http://tong.visitkorea.or.kr/cms/resource/51/2563051_image2_1.jpg
2518862;false;안동 시티투어;http://tong.visitkorea.or.kr/cms/resource/54/2563054_image2_1.jpg
2518863;true;화천 시티투어;http://tong.visitkorea.or.kr/cms/resource/65/2562765_image2_1.jpg
2518863;false;화천 시티투어;http://tong.visitkorea.or.kr/cms/resource/66/2562766_image2_1.jpg
2518863;false;화천 시티투어;http://tong.visitkorea.or.kr/cms/resource/67/2562767_image2_1.jpg
2518863;false;화천 시티투어;http://tong.visitkorea.or.kr/cms/resource/68/2562768_image2_1.jpg
2518863;false;화천 시티투어;http://tong.visitkorea.or.kr/cms/resource/69/2562769_image2_1.jpg
2518864;true;창원 시티투어;http://tong.visitkorea.or.kr/cms/resource/40/2563140_image2_1.jpg
2518864;false;창원 시티투어;http://tong.visitkorea.or.kr/cms/resource/42/2563142_image2_1.jpg
2518864;false;창원 시티투어;http://tong.visitkorea.or.kr/cms/resource/39/2563139_image2_1.jpg
2518864;false;창원 시티투어;http://tong.visitkorea.or.kr/cms/resource/38/2563138_image2_1.jpg
2518864;false;창원 시티투어;http://tong.visitkorea.or.kr/cms/resource/41/2563141_image2_1.jpg
2518865;true;전라북도 순환관광 경상권 출발 1박2일;http://tong.visitkorea.or.kr/cms/resource/55/2563155_image2_1.jpg
2518865;false;전라북도 순환관광 경상권 출발 1박2일;http://tong.visitkorea.or.kr/cms/resource/53/2563153_image2_1.jpg
2518865;false;전라북도 순환관광 경상권 출발 1박2일;http://tong.visitkorea.or.kr/cms/resource/57/2563157_image2_1.jpg
2518865;false;전라북도 순환관광 경상권 출발 1박2일;http://tong.visitkorea.or.kr/cms/resource/54/2563154_image2_1.jpg
2518865;false;전라북도 순환관광 경상권 출발 1박2일;http://tong.visitkorea.or.kr/cms/resource/56/2563156_image2_1.jpg
2518866;true;뻔뻔 부천 시티투어;http://tong.visitkorea.or.kr/cms/resource/20/2561020_image2_1.JPG
2518866;false;뻔뻔 부천 시티투어;http://tong.visitkorea.or.kr/cms/resource/23/2561023_image2_1.jpg
2518866;false;뻔뻔 부천 시티투어;http://tong.visitkorea.or.kr/cms/resource/21/2561021_image2_1.JPG
2518866;false;뻔뻔 부천 시티투어;http://tong.visitkorea.or.kr/cms/resource/24/2561024_image2_1.jpg
2518866;false;뻔뻔 부천 시티투어;http://tong.visitkorea.or.kr/cms/resource/22/2561022_image2_1.JPG
2518867;true;가평 관광지순환버스;http://tong.visitkorea.or.kr/cms/resource/06/2562706_image2_1.jpg
2518867;false;가평 관광지순환버스;http://tong.visitkorea.or.kr/cms/resource/07/2562707_image2_1.jpg
2518867;false;가평 관광지순환버스;http://tong.visitkorea.or.kr/cms/resource/09/2562709_image2_1.jpg
2518867;false;가평 관광지순환버스;http://tong.visitkorea.or.kr/cms/resource/10/2562710_image2_1.jpg
2518867;false;가평 관광지순환버스;http://tong.visitkorea.or.kr/cms/resource/11/2562711_image2_1.jpg
2518868;true;2018 익산 시티투어;http://tong.visitkorea.or.kr/cms/resource/81/2561081_image2_1.jpg
2518868;false;2018 익산 시티투어;http://tong.visitkorea.or.kr/cms/resource/79/2561079_image2_1.jpg
2518868;false;2018 익산 시티투어;http://tong.visitkorea.or.kr/cms/resource/78/2561078_image2_1.jpg
2518868;false;2018 익산 시티투어;http://tong.visitkorea.or.kr/cms/resource/77/2561077_image2_1.jpg
2518868;false;2018 익산 시티투어;http://tong.visitkorea.or.kr/cms/resource/80/2561080_image2_1.jpg
2518869;true;정선 시티투어;http://tong.visitkorea.or.kr/cms/resource/64/2562764_image2_1.jpg
2518869;false;정선 시티투어;http://tong.visitkorea.or.kr/cms/resource/61/2562761_image2_1.jpg
2518869;false;정선 시티투어;http://tong.visitkorea.or.kr/cms/resource/62/2562762_image2_1.jpg
2518869;false;정선 시티투어;http://tong.visitkorea.or.kr/cms/resource/63/2562763_image2_1.jpg
2518869;false;정선 시티투어;http://tong.visitkorea.or.kr/cms/resource/60/2562760_image2_1.jpg
2518870;true;태백 시티투어;http://tong.visitkorea.or.kr/cms/resource/55/2562755_image2_1.jpg
2518870;false;태백 시티투어;http://tong.visitkorea.or.kr/cms/resource/56/2562756_image2_1.jpg
2518870;false;태백 시티투어;http://tong.visitkorea.or.kr/cms/resource/57/2562757_image2_1.jpg
2518870;false;태백 시티투어;http://tong.visitkorea.or.kr/cms/resource/58/2562758_image2_1.jpg
2518870;false;태백 시티투어;http://tong.visitkorea.or.kr/cms/resource/59/2562759_image2_1.jpg
2518873;true;양구 시티투어;http://tong.visitkorea.or.kr/cms/resource/54/2562754_image2_1.jpg
2518873;false;양구 시티투어;http://tong.visitkorea.or.kr/cms/resource/50/2562750_image2_1.jpg
2518873;false;양구 시티투어;http://tong.visitkorea.or.kr/cms/resource/51/2562751_image2_1.jpg
2518873;false;양구 시티투어;http://tong.visitkorea.or.kr/cms/resource/53/2562753_image2_1.jpg
2518873;false;양구 시티투어;http://tong.visitkorea.or.kr/cms/resource/49/2562749_image2_1.jpg
2518874;true;평택 시티투어;http://tong.visitkorea.or.kr/cms/resource/05/2562705_image2_1.jpg
2518874;false;평택 시티투어;http://tong.visitkorea.or.kr/cms/resource/01/2562701_image2_1.jpg
2518874;false;평택 시티투어;http://tong.visitkorea.or.kr/cms/resource/03/2562703_image2_1.jpg
2518874;false;평택 시티투어;http://tong.visitkorea.or.kr/cms/resource/04/2562704_image2_1.jpg
2518874;false;평택 시티투어;http://tong.visitkorea.or.kr/cms/resource/00/2562700_image2_1.jpg
2518875;true;서산 시티투어;http://tong.visitkorea.or.kr/cms/resource/53/2562953_image2_1.jpg
2518875;false;서산 시티투어;http://tong.visitkorea.or.kr/cms/resource/50/2562950_image2_1.jpg
2518875;false;서산 시티투어;http://tong.visitkorea.or.kr/cms/resource/52/2562952_image2_1.jpg
2518875;false;서산 시티투어;http://tong.visitkorea.or.kr/cms/resource/48/2562948_image2_1.jpg
2518875;false;서산 시티투어;http://tong.visitkorea.or.kr/cms/resource/49/2562949_image2_1.jpg
2518876;true;서천 시티투어;http://tong.visitkorea.or.kr/cms/resource/55/2562955_image2_1.jpg
2518876;false;서천 시티투어;http://tong.visitkorea.or.kr/cms/resource/54/2562954_image2_1.jpg
2518876;false;서천 시티투어;http://tong.visitkorea.or.kr/cms/resource/57/2562957_image2_1.jpg
2518876;false;서천 시티투어;http://tong.visitkorea.or.kr/cms/resource/58/2562958_image2_1.jpg
2518876;false;서천 시티투어;http://tong.visitkorea.or.kr/cms/resource/56/2562956_image2_1.jpg
2518877;true;태안 시티투어;http://tong.visitkorea.or.kr/cms/resource/46/2562946_image2_1.jpg
2518877;false;태안 시티투어;http://tong.visitkorea.or.kr/cms/resource/43/2562943_image2_1.jpg
2518877;false;태안 시티투어;http://tong.visitkorea.or.kr/cms/resource/42/2562942_image2_1.jpg
2518877;false;태안 시티투어;http://tong.visitkorea.or.kr/cms/resource/44/2562944_image2_1.jpg
2518877;false;태안 시티투어;http://tong.visitkorea.or.kr/cms/resource/45/2562945_image2_1.jpg
2518878;false;밀양 시티투어;http://tong.visitkorea.or.kr/cms/resource/24/2562524_image2_1.jpg
2518878;false;밀양 시티투어;http://tong.visitkorea.or.kr/cms/resource/34/2563134_image2_1.jpg
2518878;false;밀양 시티투어;http://tong.visitkorea.or.kr/cms/resource/36/2563136_image2_1.jpg
2518878;false;밀양 시티투어;http://tong.visitkorea.or.kr/cms/resource/37/2563137_image2_1.jpg
2518878;false;밀양 시티투어;http://tong.visitkorea.or.kr/cms/resource/35/2563135_image2_1.jpg
2518879;true;김천 시티투어;http://tong.visitkorea.or.kr/cms/resource/31/2563031_image2_1.jpg
2518879;false;김천 시티투어;http://tong.visitkorea.or.kr/cms/resource/32/2563032_image2_1.jpg
2518879;false;김천 시티투어;http://tong.visitkorea.or.kr/cms/resource/29/2563029_image2_1.jpg
2518879;false;김천 시티투어;http://tong.visitkorea.or.kr/cms/resource/30/2563030_image2_1.jpg
2518879;false;김천 시티투어;http://tong.visitkorea.or.kr/cms/resource/33/2563033_image2_1.jpg
2518880;true;남도 한바퀴 주중;http://tong.visitkorea.or.kr/cms/resource/84/2563184_image2_1.jpg
2518880;false;남도 한바퀴 주중;http://tong.visitkorea.or.kr/cms/resource/24/2563424_image2_1.jpg
2518880;false;남도 한바퀴 주중;http://tong.visitkorea.or.kr/cms/resource/01/2563201_image2_1.jpg
2518880;false;남도 한바퀴 주중;http://tong.visitkorea.or.kr/cms/resource/91/2563191_image2_1.jpg
2518880;false;남도 한바퀴 주중;http://tong.visitkorea.or.kr/cms/resource/85/2563185_image2_1.jpg
2518881;true;청주 시티투어;http://tong.visitkorea.or.kr/cms/resource/92/2562992_image2_1.jpg
2518881;false;청주 시티투어;http://tong.visitkorea.or.kr/cms/resource/91/2562991_image2_1.jpg
2518881;false;청주 시티투어;http://tong.visitkorea.or.kr/cms/resource/93/2562993_image2_1.jpg
2518881;false;청주 시티투어;http://tong.visitkorea.or.kr/cms/resource/90/2562990_image2_1.jpg
2518881;false;청주 시티투어;http://tong.visitkorea.or.kr/cms/resource/94/2562994_image2_1.jpg
2518882;true;고양 시티투어;http://tong.visitkorea.or.kr/cms/resource/16/2561016_image2_1.JPG
2518882;false;고양 시티투어;http://tong.visitkorea.or.kr/cms/resource/19/2561019_image2_1.jpg
2518882;false;고양 시티투어;http://tong.visitkorea.or.kr/cms/resource/17/2561017_image2_1.JPG
2518882;false;고양 시티투어;http://tong.visitkorea.or.kr/cms/resource/77/2405477_image2_1.jpg
2518882;false;고양 시티투어;http://tong.visitkorea.or.kr/cms/resource/18/2561018_image2_1.jpg
2518883;true;광주 시티투어;http://tong.visitkorea.or.kr/cms/resource/88/2562688_image2_1.jpg
2518883;false;광주 시티투어;http://tong.visitkorea.or.kr/cms/resource/89/2562689_image2_1.jpg
2518883;false;광주 시티투어;http://tong.visitkorea.or.kr/cms/resource/90/2562690_image2_1.jpg
2518883;false;광주 시티투어;http://tong.visitkorea.or.kr/cms/resource/93/2562693_image2_1.jpg
2518883;false;광주 시티투어;http://tong.visitkorea.or.kr/cms/resource/95/2562695_image2_1.jpg
2518884;true;사천 시티투어;http://tong.visitkorea.or.kr/cms/resource/24/2563124_image2_1.jpg
2518884;false;사천 시티투어;http://tong.visitkorea.or.kr/cms/resource/25/2563125_image2_1.jpg
2518884;false;사천 시티투어;http://tong.visitkorea.or.kr/cms/resource/27/2563127_image2_1.jpg
2518884;false;사천 시티투어;http://tong.visitkorea.or.kr/cms/resource/26/2563126_image2_1.jpg
2518884;false;사천 시티투어;http://tong.visitkorea.or.kr/cms/resource/23/2563123_image2_1.jpg
2518885;true;창녕 시티투어;http://tong.visitkorea.or.kr/cms/resource/28/2563128_image2_1.jpg
2518885;false;창녕 시티투어;http://tong.visitkorea.or.kr/cms/resource/30/2563130_image2_1.jpg
2518885;false;창녕 시티투어;http://tong.visitkorea.or.kr/cms/resource/29/2563129_image2_1.jpg
2518885;false;창녕 시티투어;http://tong.visitkorea.or.kr/cms/resource/31/2563131_image2_1.jpg
2518885;false;창녕 시티투어;http://tong.visitkorea.or.kr/cms/resource/32/2563132_image2_1.jpg
2518886;true;제천 시티투어;http://tong.visitkorea.or.kr/cms/resource/85/2562985_image2_1.jpg
2518886;false;제천 시티투어;http://tong.visitkorea.or.kr/cms/resource/86/2562986_image2_1.jpg
2518886;false;제천 시티투어;http://tong.visitkorea.or.kr/cms/resource/87/2562987_image2_1.jpg
2518886;false;제천 시티투어;http://tong.visitkorea.or.kr/cms/resource/88/2562988_image2_1.jpg
2518886;false;제천 시티투어;http://tong.visitkorea.or.kr/cms/resource/89/2562989_image2_1.jpg
2518887;true;대전 시티투어 광역 코스 ;http://tong.visitkorea.or.kr/cms/resource/92/2562792_image2_1.jpg
2518887;false;대전 시티투어 광역 코스 ;http://tong.visitkorea.or.kr/cms/resource/93/2562793_image2_1.jpg
2518887;false;대전 시티투어 광역 코스 ;http://tong.visitkorea.or.kr/cms/resource/95/2562795_image2_1.jpg
2518887;false;대전 시티투어 광역 코스 ;http://tong.visitkorea.or.kr/cms/resource/96/2562796_image2_1.jpg
2518887;false;대전 시티투어 광역 코스 ;http://tong.visitkorea.or.kr/cms/resource/97/2562797_image2_1.jpg
2518888;true;대구 시티투어 테마여행;http://tong.visitkorea.or.kr/cms/resource/07/2563007_image2_1.jpg
2518888;false;대구 시티투어 테마여행;http://tong.visitkorea.or.kr/cms/resource/08/2563008_image2_1.jpg
2518888;false;대구 시티투어 테마여행;http://tong.visitkorea.or.kr/cms/resource/05/2563005_image2_1.jpg
2518888;false;대구 시티투어 테마여행;http://tong.visitkorea.or.kr/cms/resource/04/2563004_image2_1.jpg
2518888;false;대구 시티투어 테마여행;http://tong.visitkorea.or.kr/cms/resource/06/2563006_image2_1.jpg
2518889;true;대구 중구 골목투어 청라버스;http://tong.visitkorea.or.kr/cms/resource/50/2473850_image2_1.JPG
2518889;false;대구 중구 골목투어 청라버스;http://tong.visitkorea.or.kr/cms/resource/84/2548384_image2_1.jpg
2518889;false;대구 중구 골목투어 청라버스;http://tong.visitkorea.or.kr/cms/resource/13/2563413_image2_1.jpg
2518889;false;대구 중구 골목투어 청라버스;http://tong.visitkorea.or.kr/cms/resource/92/2548392_image2_1.jpg
2518889;false;대구 중구 골목투어 청라버스;http://tong.visitkorea.or.kr/cms/resource/66/2491866_image2_1.jpg
2518890;true;울산 시티투어 테마형 코스;http://tong.visitkorea.or.kr/cms/resource/07/2563107_image2_1.jpg
2518890;false;울산 시티투어 테마형 코스;http://tong.visitkorea.or.kr/cms/resource/09/2563109_image2_1.jpg
2518890;false;울산 시티투어 테마형 코스;http://tong.visitkorea.or.kr/cms/resource/08/2563108_image2_1.jpg
2518890;false;울산 시티투어 테마형 코스;http://tong.visitkorea.or.kr/cms/resource/10/2563110_image2_1.jpg
2518890;false;울산 시티투어 테마형 코스;http://tong.visitkorea.or.kr/cms/resource/14/2563114_image2_1.jpg
2518892;true;세종 시티투어;http://tong.visitkorea.or.kr/cms/resource/83/2562783_image2_1.jpg
2518892;false;세종 시티투어;http://tong.visitkorea.or.kr/cms/resource/82/2562782_image2_1.jpg
2518892;false;세종 시티투어;http://tong.visitkorea.or.kr/cms/resource/84/2562784_image2_1.jpg
2518892;false;세종 시티투어;http://tong.visitkorea.or.kr/cms/resource/85/2562785_image2_1.jpg
2518892;false;세종 시티투어;http://tong.visitkorea.or.kr/cms/resource/86/2562786_image2_1.jpg
2518893;true;춘천 시티투어;http://tong.visitkorea.or.kr/cms/resource/70/2562770_image2_1.jpg
2518893;false;춘천 시티투어;http://tong.visitkorea.or.kr/cms/resource/71/2562771_image2_1.jpg
2518893;false;춘천 시티투어;http://tong.visitkorea.or.kr/cms/resource/72/2562772_image2_1.jpg
2518893;false;춘천 시티투어;http://tong.visitkorea.or.kr/cms/resource/73/2562773_image2_1.jpg
2518893;false;춘천 시티투어;http://tong.visitkorea.or.kr/cms/resource/74/2562774_image2_1.jpg
2518894;true;성남 시티투어 ‘도시樂버스’ 정기 코스;http://tong.visitkorea.or.kr/cms/resource/75/2562675_image2_1.jpg
2518894;false;성남 시티투어 ‘도시樂버스’ 정기 코스;http://tong.visitkorea.or.kr/cms/resource/76/2562676_image2_1.jpg
2518894;false;성남 시티투어 ‘도시樂버스’ 정기 코스;http://tong.visitkorea.or.kr/cms/resource/77/2562677_image2_1.jpg
2518894;false;성남 시티투어 ‘도시樂버스’ 정기 코스;http://tong.visitkorea.or.kr/cms/resource/80/2562680_image2_1.jpg
2518894;false;성남 시티투어 ‘도시樂버스’ 정기 코스;http://tong.visitkorea.or.kr/cms/resource/82/2562682_image2_1.jpg
2518895;true;천안 시티투어 테마 코스 ;http://tong.visitkorea.or.kr/cms/resource/37/2562937_image2_1.jpg
2518895;false;천안 시티투어 테마 코스 ;http://tong.visitkorea.or.kr/cms/resource/41/2562941_image2_1.jpg
2518895;false;천안 시티투어 테마 코스 ;http://tong.visitkorea.or.kr/cms/resource/40/2562940_image2_1.jpg
2518895;false;천안 시티투어 테마 코스 ;http://tong.visitkorea.or.kr/cms/resource/39/2562939_image2_1.jpg
2518895;false;천안 시티투어 테마 코스 ;http://tong.visitkorea.or.kr/cms/resource/38/2562938_image2_1.jpg
2518896;true;파주 시티투어 휴(休) 당일 코스 ;http://tong.visitkorea.or.kr/cms/resource/25/2560925_image2_1.jpg
2518896;false;파주 시티투어 휴(休) 당일 코스 ;http://tong.visitkorea.or.kr/cms/resource/22/2560922_image2_1.jpg
2518896;false;파주 시티투어 휴(休) 당일 코스 ;http://tong.visitkorea.or.kr/cms/resource/24/2560924_image2_1.jpg
2518896;false;파주 시티투어 휴(休) 당일 코스 ;http://tong.visitkorea.or.kr/cms/resource/09/2563409_image2_1.jpg
2518896;false;파주 시티투어 휴(休) 당일 코스 ;http://tong.visitkorea.or.kr/cms/resource/15/2561015_image2_1.jpg
2518897;true;광명 투어버스;http://tong.visitkorea.or.kr/cms/resource/70/2562670_image2_1.jpg
2518897;false;광명 투어버스;http://tong.visitkorea.or.kr/cms/resource/71/2562671_image2_1.jpg
2518897;false;광명 투어버스;http://tong.visitkorea.or.kr/cms/resource/72/2562672_image2_1.jpg
2518897;false;광명 투어버스;http://tong.visitkorea.or.kr/cms/resource/73/2562673_image2_1.jpg
2518897;false;광명 투어버스;http://tong.visitkorea.or.kr/cms/resource/74/2562674_image2_1.jpg
2518899;true;온양온천 시티투어;http://tong.visitkorea.or.kr/cms/resource/19/2562819_image2_1.jpg
2518899;false;온양온천 시티투어;http://tong.visitkorea.or.kr/cms/resource/12/2562812_image2_1.jpg
2518899;false;온양온천 시티투어;http://tong.visitkorea.or.kr/cms/resource/13/2562813_image2_1.jpg
2518899;false;온양온천 시티투어;http://tong.visitkorea.or.kr/cms/resource/15/2562815_image2_1.jpg
2518899;false;온양온천 시티투어;http://tong.visitkorea.or.kr/cms/resource/11/2562811_image2_1.jpg
2518900;true;여수 낭만버스 2층버스;http://tong.visitkorea.or.kr/cms/resource/14/2563214_image2_1.jpg
2518900;false;여수 낭만버스 2층버스;http://tong.visitkorea.or.kr/cms/resource/12/2563212_image2_1.jpg
2518900;false;여수 낭만버스 2층버스;http://tong.visitkorea.or.kr/cms/resource/17/2563217_image2_1.jpg
2518900;false;여수 낭만버스 2층버스;http://tong.visitkorea.or.kr/cms/resource/15/2563215_image2_1.jpg
2518900;false;여수 낭만버스 2층버스;http://tong.visitkorea.or.kr/cms/resource/13/2563213_image2_1.jpg
2561097;true;파주 시티투어 휴(休) 1박 2일 코스 ;http://tong.visitkorea.or.kr/cms/resource/86/2561086_image2_1.jpg
2561097;false;파주 시티투어 휴(休) 1박 2일 코스 ;http://tong.visitkorea.or.kr/cms/resource/89/2561089_image2_1.jpg
2561097;false;파주 시티투어 휴(休) 1박 2일 코스 ;http://tong.visitkorea.or.kr/cms/resource/88/2561088_image2_1.jpg
2561097;false;파주 시티투어 휴(休) 1박 2일 코스 ;http://tong.visitkorea.or.kr/cms/resource/87/2561087_image2_1.jpg
2561097;false;파주 시티투어 휴(休) 1박 2일 코스 ;http://tong.visitkorea.or.kr/cms/resource/11/2563411_image2_1.jpg
2561115;true;오산 시티투어;http://tong.visitkorea.or.kr/cms/resource/02/2561102_image2_1.JPG
2561115;false;오산 시티투어;http://tong.visitkorea.or.kr/cms/resource/05/2561105_image2_1.jpg
2561115;false;오산 시티투어;http://tong.visitkorea.or.kr/cms/resource/06/2561106_image2_1.JPG
2561115;false;오산 시티투어;http://tong.visitkorea.or.kr/cms/resource/04/2561104_image2_1.JPG
2561115;false;오산 시티투어;http://tong.visitkorea.or.kr/cms/resource/03/2561103_image2_1.jpg
2561125;true;이천 시티투어;http://tong.visitkorea.or.kr/cms/resource/16/2561116_image2_1.jpg
2561125;false;이천 시티투어;http://tong.visitkorea.or.kr/cms/resource/18/2561118_image2_1.jpg
2561125;false;이천 시티투어;http://tong.visitkorea.or.kr/cms/resource/09/2041209_image2_1.jpg
2561125;false;이천 시티투어;http://tong.visitkorea.or.kr/cms/resource/19/2561119_image2_1.jpg
2561125;false;이천 시티투어;http://tong.visitkorea.or.kr/cms/resource/17/2561117_image2_1.jpg
2561136;true;여주시 세종대왕 관광순환버스;http://tong.visitkorea.or.kr/cms/resource/31/2561131_image2_1.jpg
2561136;false;여주시 세종대왕 관광순환버스;http://tong.visitkorea.or.kr/cms/resource/27/2561127_image2_1.jpg
2561136;false;여주시 세종대왕 관광순환버스;http://tong.visitkorea.or.kr/cms/resource/18/1589918_image2_1.jpg
2561136;false;여주시 세종대왕 관광순환버스;http://tong.visitkorea.or.kr/cms/resource/32/2561132_image2_1.jpg
2561136;false;여주시 세종대왕 관광순환버스;http://tong.visitkorea.or.kr/cms/resource/33/2561133_image2_1.jpg
2561758;true;남양주 시티투어 수시 코스;http://tong.visitkorea.or.kr/cms/resource/81/219681_image2_1.jpg
2561758;false;남양주 시티투어 수시 코스;http://tong.visitkorea.or.kr/cms/resource/20/2005620_image2_1.jpg
2561758;false;남양주 시티투어 수시 코스;http://tong.visitkorea.or.kr/cms/resource/20/765620_image2_1.jpg
2561758;false;남양주 시티투어 수시 코스;http://tong.visitkorea.or.kr/cms/resource/22/1589422_image2_1.jpg
2561758;false;남양주 시티투어 수시 코스;http://tong.visitkorea.or.kr/cms/resource/38/2005638_image2_1.jpg
2561765;true;군산 시티투어 1박2일 코스;http://tong.visitkorea.or.kr/cms/resource/39/2558339_image2_1.jpg
2561765;false;군산 시티투어 1박2일 코스;http://tong.visitkorea.or.kr/cms/resource/28/1603828_image2_1.jpg
2561765;false;군산 시티투어 1박2일 코스;http://tong.visitkorea.or.kr/cms/resource/27/2352627_image2_1.jpg
2561765;false;군산 시티투어 1박2일 코스;http://tong.visitkorea.or.kr/cms/resource/71/2367271_image2_1.jpg
2561765;false;군산 시티투어 1박2일 코스;http://tong.visitkorea.or.kr/cms/resource/17/2017317_image2_1.jpg
2562480;true;서울 시티투어 스카이버스;http://tong.visitkorea.or.kr/cms/resource/60/2562660_image2_1.jpg
2562480;false;서울 시티투어 스카이버스;http://tong.visitkorea.or.kr/cms/resource/61/2562661_image2_1.jpg
2562480;false;서울 시티투어 스카이버스;http://tong.visitkorea.or.kr/cms/resource/62/2562662_image2_1.jpg
2562480;false;서울 시티투어 스카이버스;http://tong.visitkorea.or.kr/cms/resource/63/2562663_image2_1.jpg
2562480;false;서울 시티투어 스카이버스;http://tong.visitkorea.or.kr/cms/resource/64/2562664_image2_1.jpg
2562483;true;인천 시티투어 라인 코스;http://tong.visitkorea.or.kr/cms/resource/67/1801167_image2_1.JPG
2562483;false;인천 시티투어 라인 코스;http://tong.visitkorea.or.kr/cms/resource/50/2015150_image2_1.jpg
2562483;false;인천 시티투어 라인 코스;http://tong.visitkorea.or.kr/cms/resource/89/1577589_image2_1.jpg
2562483;false;인천 시티투어 라인 코스;http://tong.visitkorea.or.kr/cms/resource/74/1577674_image2_1.jpg
2562483;false;인천 시티투어 라인 코스;http://tong.visitkorea.or.kr/cms/resource/48/2015148_image2_1.jpg
2562484;true;인천 시티투어 강화도테마투어;http://tong.visitkorea.or.kr/cms/resource/32/1579032_image2_1.jpg
2562484;false;인천 시티투어 강화도테마투어;http://tong.visitkorea.or.kr/cms/resource/49/2419049_image2_1.jpg
2562484;false;인천 시티투어 강화도테마투어;http://tong.visitkorea.or.kr/cms/resource/04/1578104_image2_1.JPG
2562484;false;인천 시티투어 강화도테마투어;http://tong.visitkorea.or.kr/cms/resource/82/1579082_image2_1.jpg
2562484;false;인천 시티투어 강화도테마투어;http://tong.visitkorea.or.kr/cms/resource/80/1577280_image2_1.jpg
2562485;true;성남 시티투어 ‘도시樂버스’ 특별 코스;http://tong.visitkorea.or.kr/cms/resource/83/2562683_image2_1.jpg
2562485;false;성남 시티투어 ‘도시樂버스’ 특별 코스;http://tong.visitkorea.or.kr/cms/resource/84/2562684_image2_1.jpg
2562485;false;성남 시티투어 ‘도시樂버스’ 특별 코스;http://tong.visitkorea.or.kr/cms/resource/85/2562685_image2_1.jpg
2562485;false;성남 시티투어 ‘도시樂버스’ 특별 코스;http://tong.visitkorea.or.kr/cms/resource/86/2562686_image2_1.jpg
2562485;false;성남 시티투어 ‘도시樂버스’ 특별 코스;http://tong.visitkorea.or.kr/cms/resource/87/2562687_image2_1.jpg
2562486;true;HAPPY700 평창 시티투어;http://tong.visitkorea.or.kr/cms/resource/75/2562775_image2_1.jpg
2562486;false;HAPPY700 평창 시티투어;http://tong.visitkorea.or.kr/cms/resource/77/2562777_image2_1.jpg
2562486;false;HAPPY700 평창 시티투어;http://tong.visitkorea.or.kr/cms/resource/79/2562779_image2_1.jpg
2562486;false;HAPPY700 평창 시티투어;http://tong.visitkorea.or.kr/cms/resource/80/2562780_image2_1.jpg
2562486;false;HAPPY700 평창 시티투어;http://tong.visitkorea.or.kr/cms/resource/81/2562781_image2_1.jpg
2562487;true;세종-공주 시티투어;http://tong.visitkorea.or.kr/cms/resource/87/2562787_image2_1.jpg
2562487;false;세종-공주 시티투어;http://tong.visitkorea.or.kr/cms/resource/88/2562788_image2_1.jpg
2562487;false;세종-공주 시티투어;http://tong.visitkorea.or.kr/cms/resource/89/2562789_image2_1.jpg
2562487;false;세종-공주 시티투어;http://tong.visitkorea.or.kr/cms/resource/90/2562790_image2_1.jpg
2562487;false;세종-공주 시티투어;http://tong.visitkorea.or.kr/cms/resource/91/2562791_image2_1.jpg
2562488;true;서천 시티투어 광역 코스;http://tong.visitkorea.or.kr/cms/resource/61/2562961_image2_1.jpg
2562488;false;서천 시티투어 광역 코스;http://tong.visitkorea.or.kr/cms/resource/63/2562963_image2_1.jpg
2562488;false;서천 시티투어 광역 코스;http://tong.visitkorea.or.kr/cms/resource/60/2562960_image2_1.jpg
2562488;false;서천 시티투어 광역 코스;http://tong.visitkorea.or.kr/cms/resource/59/2562959_image2_1.jpg
2562488;false;서천 시티투어 광역 코스;http://tong.visitkorea.or.kr/cms/resource/62/2562962_image2_1.jpg
2562490;true;보령 시티투어;http://tong.visitkorea.or.kr/cms/resource/80/2562980_image2_1.jpg
2562490;false;보령 시티투어;http://tong.visitkorea.or.kr/cms/resource/81/2562981_image2_1.jpg
2562490;false;보령 시티투어;http://tong.visitkorea.or.kr/cms/resource/82/2562982_image2_1.jpg
2562490;false;보령 시티투어;http://tong.visitkorea.or.kr/cms/resource/83/2562983_image2_1.jpg
2562490;false;보령 시티투어;http://tong.visitkorea.or.kr/cms/resource/84/2562984_image2_1.jpg
2562491;true;단양군 시티투어;http://tong.visitkorea.or.kr/cms/resource/97/2562997_image2_1.jpg
2562491;false;단양군 시티투어;http://tong.visitkorea.or.kr/cms/resource/96/2562996_image2_1.jpg
2562491;false;단양군 시티투어;http://tong.visitkorea.or.kr/cms/resource/03/2563003_image2_1.jpg
2562491;false;단양군 시티투어;http://tong.visitkorea.or.kr/cms/resource/95/2562995_image2_1.jpg
2562491;false;단양군 시티투어;http://tong.visitkorea.or.kr/cms/resource/01/2563001_image2_1.jpg
2562492;true;대구 시티투어 더 플레이버스(김광석 버스);http://tong.visitkorea.or.kr/cms/resource/17/2563017_image2_1.jpg
2562492;false;대구 시티투어 더 플레이버스(김광석 버스);http://tong.visitkorea.or.kr/cms/resource/14/2563014_image2_1.jpg
2562492;false;대구 시티투어 더 플레이버스(김광석 버스);http://tong.visitkorea.or.kr/cms/resource/16/2563016_image2_1.jpg
2562492;false;대구 시티투어 더 플레이버스(김광석 버스);http://tong.visitkorea.or.kr/cms/resource/15/2563015_image2_1.jpg
2562492;false;대구 시티투어 더 플레이버스(김광석 버스);http://tong.visitkorea.or.kr/cms/resource/18/2563018_image2_1.jpg
2562493;true;경주 시티투어 야간 코스;http://tong.visitkorea.or.kr/cms/resource/71/2563071_image2_1.jpg
2562493;false;경주 시티투어 야간 코스;http://tong.visitkorea.or.kr/cms/resource/67/2563067_image2_1.jpg
2562493;false;경주 시티투어 야간 코스;http://tong.visitkorea.or.kr/cms/resource/73/2563073_image2_1.jpg
2562493;false;경주 시티투어 야간 코스;http://tong.visitkorea.or.kr/cms/resource/74/2563074_image2_1.jpg
2562493;false;경주 시티투어 야간 코스;http://tong.visitkorea.or.kr/cms/resource/72/2563072_image2_1.jpg
2562494;true;포항 시티투어 정기 코스;http://tong.visitkorea.or.kr/cms/resource/82/2563082_image2_1.jpg
2562494;false;포항 시티투어 정기 코스;http://tong.visitkorea.or.kr/cms/resource/86/2563086_image2_1.jpg
2562494;false;포항 시티투어 정기 코스;http://tong.visitkorea.or.kr/cms/resource/83/2563083_image2_1.jpg
2562494;false;포항 시티투어 정기 코스;http://tong.visitkorea.or.kr/cms/resource/84/2563084_image2_1.jpg
2562494;false;포항 시티투어 정기 코스;http://tong.visitkorea.or.kr/cms/resource/85/2563085_image2_1.jpg
2562495;true;포항 시티투어 테마 코스;http://tong.visitkorea.or.kr/cms/resource/88/2563088_image2_1.jpg
2562495;false;포항 시티투어 테마 코스;http://tong.visitkorea.or.kr/cms/resource/90/2563090_image2_1.jpg
2562495;false;포항 시티투어 테마 코스;http://tong.visitkorea.or.kr/cms/resource/91/2563091_image2_1.jpg
2562495;false;포항 시티투어 테마 코스;http://tong.visitkorea.or.kr/cms/resource/87/2563087_image2_1.jpg
2562495;false;포항 시티투어 테마 코스;http://tong.visitkorea.or.kr/cms/resource/89/2563089_image2_1.jpg
2562496;true;구미 시티투어;http://tong.visitkorea.or.kr/cms/resource/20/2562520_image2_1.jpg
2562496;false;구미 시티투어;http://tong.visitkorea.or.kr/cms/resource/92/2563092_image2_1.jpg
2562496;false;구미 시티투어;http://tong.visitkorea.or.kr/cms/resource/95/2563095_image2_1.jpg
2562496;false;구미 시티투어;http://tong.visitkorea.or.kr/cms/resource/94/2563094_image2_1.jpg
2562496;false;구미 시티투어;http://tong.visitkorea.or.kr/cms/resource/93/2563093_image2_1.jpg
2562497;true;BUTI 부산 시티투어 2층버스 야경투어;http://tong.visitkorea.or.kr/cms/resource/01/2563101_image2_1.jpg
2562497;false;BUTI 부산 시티투어 2층버스 야경투어;http://tong.visitkorea.or.kr/cms/resource/04/2563104_image2_1.jpg
2562497;false;BUTI 부산 시티투어 2층버스 야경투어;http://tong.visitkorea.or.kr/cms/resource/05/2563105_image2_1.jpg
2562497;false;BUTI 부산 시티투어 2층버스 야경투어;http://tong.visitkorea.or.kr/cms/resource/00/2563100_image2_1.jpg
2562497;false;BUTI 부산 시티투어 2층버스 야경투어;http://tong.visitkorea.or.kr/cms/resource/06/2563106_image2_1.jpg
2562498;true;전라북도 순환관광 수도권 출발;http://tong.visitkorea.or.kr/cms/resource/48/2563148_image2_1.jpg
2562498;false;전라북도 순환관광 수도권 출발;http://tong.visitkorea.or.kr/cms/resource/52/2563152_image2_1.jpg
2562498;false;전라북도 순환관광 수도권 출발;http://tong.visitkorea.or.kr/cms/resource/51/2563151_image2_1.jpg
2562498;false;전라북도 순환관광 수도권 출발;http://tong.visitkorea.or.kr/cms/resource/50/2563150_image2_1.jpg
2562498;false;전라북도 순환관광 수도권 출발;http://tong.visitkorea.or.kr/cms/resource/49/2563149_image2_1.jpg
2562499;true;임실군 명소탐방 시티투어;http://tong.visitkorea.or.kr/cms/resource/70/2563170_image2_1.jpg
2562499;false;임실군 명소탐방 시티투어;http://tong.visitkorea.or.kr/cms/resource/71/2563171_image2_1.jpg
2562499;false;임실군 명소탐방 시티투어;http://tong.visitkorea.or.kr/cms/resource/72/2563172_image2_1.jpg
2562499;false;임실군 명소탐방 시티투어;http://tong.visitkorea.or.kr/cms/resource/69/2563169_image2_1.jpg
2562499;false;임실군 명소탐방 시티투어;http://tong.visitkorea.or.kr/cms/resource/68/2563168_image2_1.jpg
2562500;true;완주 테마버스;http://tong.visitkorea.or.kr/cms/resource/73/2563173_image2_1.jpg
2562500;false;완주 테마버스;http://tong.visitkorea.or.kr/cms/resource/75/2563175_image2_1.jpg
2562500;false;완주 테마버스;http://tong.visitkorea.or.kr/cms/resource/76/2563176_image2_1.jpg
2562500;false;완주 테마버스;http://tong.visitkorea.or.kr/cms/resource/77/2563177_image2_1.jpg
2562500;false;완주 테마버스;http://tong.visitkorea.or.kr/cms/resource/74/2563174_image2_1.jpg
2562501;true;남도 한바퀴 주말;http://tong.visitkorea.or.kr/cms/resource/08/2563208_image2_1.jpg
2562501;false;남도 한바퀴 주말;http://tong.visitkorea.or.kr/cms/resource/06/2563206_image2_1.jpg
2562501;false;남도 한바퀴 주말;http://tong.visitkorea.or.kr/cms/resource/10/2563210_image2_1.jpg
2562501;false;남도 한바퀴 주말;http://tong.visitkorea.or.kr/cms/resource/07/2563207_image2_1.jpg
2562501;false;남도 한바퀴 주말;http://tong.visitkorea.or.kr/cms/resource/09/2563209_image2_1.jpg
2562502;true;고흥 시티투어;http://tong.visitkorea.or.kr/cms/resource/10/2563310_image2_1.jpg
2562502;false;고흥 시티투어;http://tong.visitkorea.or.kr/cms/resource/09/2563309_image2_1.jpg
2562502;false;고흥 시티투어;http://tong.visitkorea.or.kr/cms/resource/08/2563308_image2_1.jpg
2562502;false;고흥 시티투어;http://tong.visitkorea.or.kr/cms/resource/11/2563311_image2_1.jpg
2562502;false;고흥 시티투어;http://tong.visitkorea.or.kr/cms/resource/12/2563312_image2_1.jpg
2562502;true;고흥 시티투어;http://tong.visitkorea.or.kr/cms/resource/10/2563310_image2_1.jpg
2562645;true;원주투어버스;http://tong.visitkorea.or.kr/cms/resource/01/2034901_image2_1.jpg
2562645;false;원주투어버스;http://tong.visitkorea.or.kr/cms/resource/71/1848771_image2_1.jpg
2562645;false;원주투어버스;http://tong.visitkorea.or.kr/cms/resource/22/2563422_image2_1.jpg
2562645;false;원주투어버스;http://tong.visitkorea.or.kr/cms/resource/32/2535532_image2_1.jpg
